<?xml version="1.0" encoding="UTF-8"?>
<project-private xmlns="http://www.netbeans.org/ns/project-private/1">
    <editor-bookmarks xmlns="http://www.netbeans.org/ns/editor-bookmarks/2" lastBookmarkId="0"/>
    <open-files xmlns="http://www.netbeans.org/ns/projectui-open-files/2">
        <group>
            <file>file:/home/caroline/Documents/Paradigmas/Java/Trab2/src/trab2/Artigo.java</file>
            <file>file:/home/caroline/Documents/Paradigmas/Java/Trab2/src/trab2/Usuario.java</file>
            <file>file:/home/caroline/Documents/Paradigmas/Java/Trab2/src/trab2/Trab2.java</file>
            <file>file:/home/caroline/Documents/Paradigmas/Java/Trab2/src/trab2/TopicoInteresse.java</file>
            <file>file:/home/caroline/Documents/Paradigmas/Java/Trab2/src/trab2/MiniCurso.java</file>
            <file>file:/home/caroline/Documents/Paradigmas/Java/Trab2/src/trab2/Organizador.java</file>
            <file>file:/home/caroline/Documents/Paradigmas/Java/Trab2/src/trab2/Evento.java</file>
            <file>file:/home/caroline/Documents/Paradigmas/Java/Trab2/src/trab2/Avaliador.java</file>
            <file>file:/home/caroline/Documents/Paradigmas/Java/Trab2/src/trab2/Aluno.java</file>
            <file>file:/home/caroline/Documents/Paradigmas/Java/Trab2/src/trab2/Proposta.java</file>
        </group>
    </open-files>
</project-private>
